,Color,count,mean,std
Black,Black,370,4.261950836952025e+18,8.12783539532939e+19
Red,Red,332,6199396763181996.0,8.239473544997592e+16
